,EXCHERG,BIOMASS,ERG
Wildtype,7.090681340665354e-15,0.051575157823982816,7.095647558651397e-15
SQE+MVA,0.06896551724138,0.0,0.06896551724138002
SQE,0.06896551724138106,-1.842254303165803e-15,0.06896551724138107
SQS+MVA,-1.170352019085644e-14,0.0515751421076215,-1.1695921095352231e-14
SQS+SQE+MVA,0.06896551724138013,0.0,0.06896551724138014
SQS+SQE,0.06896551724137949,0.0,0.06896551724137949
SQS,1.7190529524578766e-14,0.051575142107593876,1.7190529524578766e-14
