,minimum,maximum
Biomass_Chlamy_auto,0.05157513686881806,0.05157515861686904
SS,0.0,0.0
CAS,0.0,0.0
